Society,event_name,Food available,Alcohol available
SydneyUniversityBusinessSociety,SUBS x SUEUA x SULS Presents: Bubble Soccer,0,0
SydneyUniversityBusinessSociety,Pitch Perfect: A Real Consulting Engagement,0,0
SydneyUniversityBusinessSociety,Chartered Accountants ANZ: Find your Fit,0,0
SydneyUniversityBusinessSociety,SUBS x GT present: Through the Looking Glass (2017 Business Ball),0,1
SydneyUniversityBusinessSociety,Interfaculty Sport: 5km Run,0,0
SydneyUniversityBusinessSociety,JP Morgan x SUBS Presents: Smoothie Giveaway,0,0
SydneyUniversityBusinessSociety,SUBS General Meeting No. 1,0,0
SydneyUniversityBusinessSociety,Interfaculty Sport: Mixed Touch Football,0,0
SydneyUniversityBusinessSociety,SUBS and Chill: Night in,1,1
SydneyUniversityBusinessSociety,SUBS X SU Unimates Presents: The Amazing Race,1,0
SydneyUniversityBusinessSociety,SUBS X Trademax Capital Presents: Forex Live Trading Comp,0,0
SydneyUniversityBusinessSociety,Interfaculty Sport: Men's Basketball,0,0
SydneyUniversityBusinessSociety,Interfaculty Sport: Women's Basketball,0,0
SydneyUniversityBusinessSociety,Interfactulty Sport: Rock Climbing,0,0
SydneyUniversityBusinessSociety,Interfaculty Sport: Badminton,0,0
SydneyUniversityBusinessSociety,SUBS attends: Wear It Purple @USyd,0,1
SydneyUniversityBusinessSociety,SUBS Presents: High Achievers' Breakfast,0,0
SydneyUniversityBusinessSociety,EY x SUBS Presents: EY Case Competition 2017,0,0
SydneyUniversityBusinessSociety,UNSW BSOC x SUBS Presents: Synergy,0,1
SydneyUniversityBusinessSociety,SUBS AGM,0,0
SydneyUniversityBusinessSociety,CEO x SUBS First Years Career Conference,0,0
SydneyUniversityBusinessSociety,EY & SUBS: Making your day better,0,0
SydneyUniversityBusinessSociety,Case Comp Workshop - Project Everest x SUBS,1,0
SydneyUniversityBusinessSociety,SUBS Merchandise Online SALE,0,0
SydneyUniversityBusinessSociety,Heartfulness Meditation: An Introductory Session,0,0
SydneyUniversityBusinessSociety,Interfaculty Pub Crawl,1,1
SydneyUniversityBusinessSociety,SUBS x The Royal presents: Weekly Beers and Buddies,0,0
SydneyUniversityBusinessSociety,SUBS x Midori present: Boogie Wonderland Cruise - SOLD OUT,1,1
SydneyUniversityBusinessSociety,SUBS x The Royal presents: Weekly Beers and Buddies,0,0
SydneyUniversityBusinessSociety,SUBS x The Royal presents: Weekly Beers and Buddies,0,0
SydneyUniversityBusinessSociety,Sydney University Business Society (SUBS) GM,0,0
SydneyUniversityBusinessSociety,SUBS x The Royal presents: Weekly Beers and Buddies,0,1
SydneyUniversityBusinessSociety,Uber Launch Challenge - University of Sydney,0,0
SydneyUniversityBusinessSociety,SUBS Weekly Meetups,1,1
SydneyUniversityBusinessSociety,Google On-Campus!,1,0
SydneyUniversityBusinessSociety,SUBS Presents: Subcommittee Applications!,0,0
SydneyUniversityBusinessSociety,SUBS x spoonfeedme: free donuts,0,0
SydneyUniversityBusinessSociety,The Sydney University Business Society presents: SUBSchella,1,1
SydneyUniversityBusinessSociety,Microsoft Protégé Workshop,1,0
SydneyUniversityBusinessSociety,SUBS presents First Year Camp: Aussie Adventures,1,1
SydneyUniversityBusinessSociety,SUBS x EY: Campus Takeover,0,0
SydneyUniversityBusinessSociety,General Meeting 2,0,0
SydneyUniversityBusinessSociety,Sydney Business School Societies: High Achievers' Breakfast,0,0
SydneyUniversityBusinessSociety,Mixed Interfaculty Touch Footy,0,0
SydneyUniversityBusinessSociety,Sydney University Business Society x Luna Park present: Neverland (2016 SUBS Ball),0,1
SydneyUniversityBusinessSociety,Men's Interfaculty Basketball,0,0
SydneyUniversityBusinessSociety,SUBS Pop Up Store: 2017 Official Sydney University Business Merchandise,0,0
SydneyUniversityBusinessSociety,SUBS x Business Alumni Network: Speed Mentoring,0,0
SydneyUniversityBusinessSociety,SUBS presents: Aspen Escape (Back to Semester Party),0,0
SydneyUniversityBusinessSociety,SUBS x AIM Presents: Entrepreneurship Careers Cocktail Night,0,1
SydneyUniversityBusinessSociety,SUBS AGM 2016,0,0
SydneyUniversityBusinessSociety,EY SUBS Case Competition,0,0
SydneyUniversityBusinessSociety,SUBS Presents: Career's Guide Launch,0,0
SydneyUniversityBusinessSociety,SUBS GM No.4,0,0
SydneyUniversityBusinessSociety,SUBS x Midori Presents: Daddy's Yacht Party,1,0
SydneyUniversityBusinessSociety,PhotoSoc and SUBS present: LinkedIn Photoshoot,0,0
SydneyUniversityBusinessSociety,SUBS Presents: SUBS Merchandise,0,0
SydneyUniversityBusinessSociety,Behind the Doors of Google: Innovative and Creative Workplaces with Michael Stocks,0,0
SydneyUniversityBusinessSociety,Business Societies Summer Internships & Careers Fair 2016,0,0
SydneyUniversityBusinessSociety,Business in China Seminar,0,0
SydneyUniversityBusinessSociety,USYD Inter-Faculty Pubcrawl,1,1
SydneyUniversityBusinessSociety,SUBS x spoonfeedme: FREE DONUTS,0,0
SydneyUniversityBusinessSociety,SUBS GM No.3,0,0
SydneyUniversityBusinessSociety,Microsoft Workshop: Protege Competition,0,0
SydneyUniversityBusinessSociety,SUBS x Sydney Motorsports Case Comp,0,0
SydneyUniversityBusinessSociety,SUBS PRESENTS: SUBS Weekly Meet Ups (12pm-3pm),1,1
SydneyUniversityBusinessSociety,SUBS PRESENTS: SUBS Weekly Meet Ups,1,1
SydneyUniversityBusinessSociety,SUBS Presents: FIRST YEAR CAMP *SOLD OUT*,0,0
SydneyUniversityBusinessSociety,Free BBQ with EY,0,0
SydneyUniversityBusinessSociety,SUBS Attends: USYD Oweek 2016!,0,0
SydneyUniversityBusinessSociety,SUBS Presents: $1 Mr Whippy Day!,0,0
SydneyUniversityBusinessSociety,SUBS BEERS + 5KM RUN,0,1
SydneyUniversityBusinessSociety,CA Career Snapshot,1,0
SydneyUniversityBusinessSociety,SUBS GM No.2,0,0
SydneyUniversityBusinessSociety,SUBS presents Met by Moonlight: Business Ball 2015,0,1
SydneyUniversityBusinessSociety,SUBS Interfaculty Touch Football,0,0
SydneyUniversityBusinessSociety,SUBS GM No.1,0,0
SydneyUniversityBusinessSociety,The Sydney University Business School Societies Present: The High Achievers Breakfast,0,0
SydneyUniversityBusinessSociety,Interfaculty Basketball (Female),0,0
SydneyUniversityBusinessSociety,2015 Deloitte Development Program,0,0
SydneyUniversityBusinessSociety,SUBS Interfaculty Rock Climbing and Badminton,0,0
SydneyUniversityBusinessSociety,SUBS Interfaculty Volleyball,0,0
SydneyUniversityBusinessSociety,SUBS Annual General Meeting,0,0
SydneyUniversityBusinessSociety,SUBS Presents: Back to Semester Party,0,1
SydneyUniversityBusinessSociety,SUBS x FMAA Presents: Accenture BBQ,0,0
SydneyUniversityBusinessSociety,SUBS General Meeting 2015,0,0
SydneyUniversityBusinessSociety,SUBS Presents: Cruise 2015 || #ThrowbackThursday,1,1
SydneyUniversityBusinessSociety,SUBS Internships Careers Fair,0,0
SydneyUniversityBusinessSociety,SUBS Presents: Deloitte Graduate Workshop,0,0
SydneyUniversityLawSociety,SULS O-Week Party,0,1
SydneyUniversityLawSociety,SULS Semester 2 Informal: CARGO BAR,0,0
SydneyUniversityLawSociety,SULS Study Space + Equi-Tea Station,0,0
SydneyUniversityLawSociety,Competitions Dinner 2017,0,0
SydneyUniversityLawSociety,SULS Annual General Meeting for 2017,0,0
SydneyUniversityLawSociety,Law in Society Buffering Launch + Panel,1,0
SydneyUniversityLawSociety,Herbert Smith Freehills Contract Law Moot Grand Final,1,0
SydneyUniversityLawSociety,International Dinner - Dumplings Galore,1,1
SydneyUniversityLawSociety,Yemaya Launch,1,0
SydneyUniversityLawSociety,SULS Careers: Little Steps - Building Skills and Relationships,0,0
SydneyUniversityLawSociety,Criminal Law Moot Grand Final 2017,0,0
SydneyUniversityLawSociety,SULS Presents: PLT Day,0,0
SydneyUniversityLawSociety,People of Colour in the Legal Profession,0,0
SydneyUniversityLawSociety,All the Light Touches: Grappling with the Legal Landscape,0,0
SydneyUniversityLawSociety,SULS Social Justice Conference 2017: Beyond the Buzzword,1,0
SydneyUniversityLawSociety,First Year Moot Grand Final,0,0
SydneyUniversityLawSociety,SULS Week 11 Interfaculty Sport - 5 km Run,0,1
SydneyUniversityLawSociety,SULS Final Year Dinner 2017,0,1
SydneyUniversityLawSociety,King & Wood Mallesons Witness Examination Grand Final,0,0
SydneyUniversityLawSociety,Australia’s Refugees and Asylum Seekers,1,0
SydneyUniversityLawSociety,Nicholas Cowdery Criminal Law Moot 2017,0,0
SydneyUniversityLawSociety,UNSW Law v USYD Law Sports Day,0,0
SydneyUniversityLawSociety,SULS Fitness Club goes Running - Week 10,0,0
SydneyUniversityLawSociety,Dissent Launch and Panel Discussion,0,0
SydneyUniversityLawSociety,SULS Week 10 Interfaculty Sport - Touch Football,0,0
SydneyUniversityLawSociety,SULS Presents: Rainbow Moot,1,1
SydneyUniversityLawSociety,WEEK 10 & 11 - Social Justice & Public Interest Lunchtime Series,1,0
SydneyUniversityLawSociety,International & Exchange Students Morning Tea,0,0
SydneyUniversityLawSociety,SULS x Allens Linklaters Presents Law Ball 2017: Cirque,1,1
SydneyUniversityLawSociety,SULS Fitness Club Boxes for Fitness,0,0
SydneyUniversityLawSociety,Social Justice & Public Interest Lunchtime Series - WEEK 9,1,0
SydneyUniversityLawSociety,Justice William Gummow Cup Equity Moot,0,0
SydneyUniversityLawSociety,Refugee Conference 2017,0,0
SydneyUniversityLawSociety,Week 8 Happy Hour,0,1
SydneyUniversityLawSociety,SULS Week 8 Interfaculty Sport - Basketball (Men's),0,0
SydneyUniversityLawSociety,SULS Fitness Club does Yoga,0,0
SydneyUniversityLawSociety,SULS Fitness Club goes Rock Climbing,0,0
SydneyUniversityLawSociety,SULS Week 7 Interfaculty Sport - Basketball (Female),0,0
SydneyUniversityLawSociety,SULS - SCLSS Intervarsity Sports Day,0,0
SydneyUniversityLawSociety,SULS Fitness Club goes Running,0,0
SydneyUniversityLawSociety,SULS Week 6 Interfaculty Sport - Rock Climbing and Badminton,0,0
SydneyUniversityLawSociety,SULS Week 5 Interfaculty Sport - Volleyball,0,0
SydneyUniversityLawSociety,Clayton Utz Education Guide Launch,0,0
SydneyUniversityLawSociety,SULS Week 4 Interfaculty Sport - Netball,0,0
SydneyUniversityLawSociety,Semester Two Competitions Boot Camp,0,0
SydneyUniversityLawSociety,Law in Society: Between Black and White Launch,0,0
SydneyUniversityLawSociety,SULS Week 3 Interfaculty Sport - Mixed Futsal,0,0
SydneyUniversityLawSociety,SULS City2Surf 2017 for Batyr,0,0
SydneyUniversityLawSociety,"ABL's ""Inside a Deal""",0,0
SydneyUniversityLawSociety,SULS Fitness Club - City2Surf Training,0,1
SydneyUniversityLawSociety,Semester 2 Welcome Back Drinks,0,1
SydneyUniversityLawSociety,"SULS Online Textbook Exchange, supported by Allen & Overy",0,0
SydneyUniversityLawSociety,SULS Semester 1 Informal 2017,0,0
SydneyUniversityLawSociety,SULS Study Space + Equi-Tea Station,0,0
SydneyUniversityLawSociety,Torts Moot Grand Final,0,0
SydneyUniversityLawSociety,Client Interviewing Competition Grand Final,0,0
SydneyUniversityLawSociety,Federal Constitutional Law Moot Grand Final,0,0
SydneyUniversityLawSociety,Week 13 Happy Hour,0,1
SydneyUniversityLawSociety,SULS Clerkship Networking Evening and Careers Guide Launch,0,1
SydneyUniversityLawSociety,Clayton Utz Negotiations Competition Grand Final,0,0
SydneyUniversityLawSociety,Public International Law Moot Grand Final,0,0
SydneyUniversityLawSociety,SULS Social Justice & Public Interest Careers Fair,0,1
SydneyUniversityLawSociety,Week 11 SULS Interfaculty Sport - 3km Run,0,1
SydneyUniversityLawSociety,Law School Basics #3 - Exam Technique,0,0
SydneyUniversityLawSociety,WEEK 11: Clerkship Presentations,0,0
SydneyUniversityLawSociety,SULS Wellbeing Week: Charity Movie Night (Supported by JWS),0,0
SydneyUniversityLawSociety,Mental Health Panel + Equity Handbook Launch (Supported by JWS),0,0
SydneyUniversityLawSociety,SULS Law Cruise 2017: Seafari,1,1
SydneyUniversityLawSociety,SULS Wellbeing Week: Chillout Room (Supported by JWS),0,0
SydneyUniversityLawSociety,Week 10 SULS Interfaculty Sport - Ultimate Frisbee,0,0
SydneyUniversityLawSociety,WEEK 10: Clerkship Presentations,0,0
SydneyUniversityLawSociety,SULS Hackathon Presented by Gilbert + Tobin,0,0
SydneyUniversityLawSociety,Law & Business Alumni-Student Discussion Forum,0,0
SydneyUniversityLawSociety,Week 9 SULS Interfaculty Sport - Women's Futsal,0,0
SydneyUniversityLawSociety,Sir John Peden Contract Law Moot,0,0
SydneyUniversityLawSociety,WEEK 9: Clerkship Presentations,0,0
SydneyUniversityLawSociety,SULS Trivia Night,0,0
SydneyUniversityLawSociety,Intro to Clerkships and Careers,0,0
SydneyUniversityLawSociety,Week 8 SULS Interfaculty Sport - Male Futsal,0,0
SydneyUniversityLawSociety,Discover Newtown Pub Crawl,1,1
SydneyUniversityLawSociety,Week 7 Happy Hour,0,1
subski,Subski AGM,0,0
subski,Subski Presents: Halloween Study Cruise [SOLD OUT],0,0
subski,Subski Presents: Around the World,0,1
subski,Thredbo Blizzard of OZ Signups,0,1
subski,Subski & Esssa Presents: Let's Get Physical,0,1
subski,Subski NZ Tour of Duty Signups,0,1
subski,"Subski Presents: Salt, Sand & Snow",0,0
subski,End of Exams Party: When I Grow Up Subski x BSOC x SASS x TILT,0,1
subski,Subski 2016 AGM,0,0
subski,Subski & Bamsoc Halloween Booze Cruise,0,1
subski,Subski presents: Woodstock '16,0,1
subski,Blizzard of Oz 2016,0,0
subski,SUBSKI 2016 NZ Tour of Duty SIGNUPS,0,1
subski,"SUBSKI Presents: Salt, Sand & Snow",0,1
subski,SUBSKI's 2015 AGM,0,0
subski,"SUBSKI Presents ""Out Of This World""",0,1
sydneyartssociety,SASS Presents - The Met Gala | Arts Ball 2k17,0,0
sydneyartssociety,Sydney Arts Students Society AGM,0,0
sydneyartssociety,SASS x ARNA - 2k17 Launch Party!,0,0
sydneyartssociety,Interfac Sport 5km Run,0,0
sydneyartssociety,Interfac Mixed Touch Football,0,0
sydneyartssociety,SASS x ArtsSoc Presents: IntervARTSity Pubcrawl,0,0
sydneyartssociety,Interfaculty Sport - Men's Basketball,0,0
sydneyartssociety,SASS Interfaculty Sport - Mixed Volleyball!,0,0
sydneyartssociety,SUBS attends: Wear It Purple @USyd,0,1
sydneyartssociety,SASS Attends: Wear It Purple @USYD,0,1
sydneyartssociety,SASS Interfaculty Sport - Mixed Netball,0,0
sydneyartssociety,SASS Interfaculty Sport! Mixed Futsal,0,0
sydneyartssociety,SASS Back 2 Uni Party - Turtlenecks and Tank Tops!,0,1
sydneyartssociety,ARNA 2017 - Call-Out for Submissions!,0,0
sydneyartssociety,SASS Cruise 2017 - Casino Royale,1,1
sydneyartssociety,SASS Runs! Interfaculty 3km Race,0,0
sydneyartssociety,Interfaculty Pub Crawl,1,1
sydneyartssociety,SASS Interfaculty Ultimate Frisbee,0,0
sydneyartssociety,SASS Semester One Pub Crawl 2017!,1,0
sydneyartssociety,SASS General Meeting!,0,0
sydneyartssociety,SASS Kicks! Interfaculty Men's Futsal,0,0
sydneyartssociety,SASS Swings! Interfaculty Tennis,0,0
sydneyartssociety,ARNA Literary Journal - Editor Call Out,0,0
sydneyartssociety,SASS Drinks + Pizza (with FASS student reps!),1,1
sydneyartssociety,SASS Swims! Interfaculty Swimming,0,0
sydneyartssociety,SASS Bats! Interfaculty Cricket,0,0
sydneyartssociety,SASS First Year Arts Camp!,0,1
sydneyartssociety,SASS Interfaculty Sport!!! Mixed Touch Football,0,0
sydneyartssociety,SASS x Sidebar - Welcome Back to Uni Party!,1,1
sydneyartssociety,End of Exams Party: When I Grow Up Subski x BSOC x SASS x TILT,0,1
sydneyartssociety,SASS Presents - Masquerade Ball 2016,0,1
sydneyartssociety,SASS Runs! - Interfaculty 5km Race,0,0
sydneyartssociety,Verge Festival // ARNA Journal Launch,0,0
sydneyartssociety,SASS Interfaculty Touch Football!,0,0
sydneyartssociety,SASS Dunks! Interfaculty Basketball (Male),0,0
sydneyartssociety,R U OK? Day featuring Therapy Dogs!,0,0
sydneyartssociety,SASS Dunks! Interfaculty Basketball (Female),0,0
sydneyartssociety,SASS Climbs! - Interfaculty Rock Climbing (and Badminton),0,0
sydneyartssociety,SASS x Milk Bar by Cafe Ish!,0,1
sydneyartssociety,SASS Spikes! Interfaculty Mixed Volleyball,0,0
sydneyartssociety,SASS Shoots! Interfaculty Mixed Netball,0,0
sydneyartssociety,SASS Kicks! - Interfaculty Mixed Futsal,0,0
sydneyartssociety,EcoSoc and SASS Back To Uni Pub Crawl!,1,1
sydneyartssociety,SASS's 'Get Vivid' Booze Cruise!,1,1
sydneyartssociety,SASS Inaugural TRIVIA NIGHT!,0,0
sydneyartssociety,SASS Runs! Interfaculty sport - 3KM Run,0,0
sydneyartssociety,SASS Chucks! (A Frisbee) Interfaculty Sport - ULTIMATE FRISBEE,0,0
sydneyartssociety,SASS Kicks! Interfaculty Sport Futsal (Female),0,0
sydneyartssociety,SASS Kicks! Interfaculty Sport Futsal (Male),0,0
sydneyartssociety,SASS Swings (A Racket) - Interfaculty Sport Tennis,0,0
sydneyartssociety,SASS - ARNA Editor Call Out! [CLOSING TONIGHT],0,0
sydneyartssociety,SASS (Arts) Swims! Interfaculty Sport Swimming,0,0
sydneyartssociety,SASS's Semester One Pub Crawl!,1,0
sydneyartssociety,SASS (Arts) Takes Interfaculty Cricket!,0,0
sydneyartssociety,SASS's First Year Arts Camp 2016!,1,1
sydneyartssociety,SASS's Welcome Back to Uni Drinks!,0,1
sydneyartssociety,Starry Night - SASS Ball 2015,0,1
sydneyartssociety,Sydney Arts Students Society Annual General Meeting (SASS AGM),0,0
sydneyartssociety,SASS Pub Crawl Vol. 2,1,0
sydneyartssociety,[EXTENDED] ARNA Callout for Submission,0,0
sydneyartssociety,The Inaugural SASS Booze Cruise,1,1
sydneyartssociety,SASS SEMESTER 1 PUB CRAWL,1,0
sydneyartssociety,SASS General Meeting,0,0
sydneyartssociety,#ArtsCamp2015,1,1
sydneyartssociety,SASS Welcome Drinks,0,1
sydneyartssociety,Speed Friending - Back To Making New Friends,0,0
sydneyartssociety,Sydney Arts Students Society AGM,0,0
sydneyartssociety,SASS hosts ARNA 2014 Launch,0,1
sydneyartssociety,SASSFactor!,0,0
sydneyartssociety,SASS watches Pans Labyrinth,0,0
sydneyartssociety,SASS attends RACY RACE,0,0
sydneyartssociety,Rock Your Socks Off - SASS Pub Crawl!,1,0
sydneyartssociety,ARNA 2014: Submissions,0,0
sydneyartssociety,A Picnic by the Seine,0,0
sydneyartssociety,SASS General Meeting,0,0
sydneyartssociety,SASS Pub Crawl,1,1
sydneyartssociety,First Year Arts Camp,0,0
sydneyartssociety,SASS Welcome Drinks and Poetry Slam,1,1
sydneyartssociety,ARNA 2014 Sub-Editor Info Sesh,0,1
sydneyartssociety,Arts Ball 2013,0,0
sydneyartssociety,ARTS INTER-FACULTY FUN RUN,0,1
sydneyartssociety,SASS (SYDNEY ARTS STUDENTS SOCIETY) - AGM EXECUTIVE INFORMATION SESSION,0,0
sydneyartssociety,SASS TOUCH FOOTBALL,0,0
sydneyartssociety,SASS Inter-faculty Male Basketball,0,0
sydneyartssociety,SASS Special General Meeting,0,0
sydneyartssociety,SASS Inter-faculty MIXED Soccer,0,0
sydneyartssociety,USU HUMANITARIAN FAIR: FORT HOLME (OPERATION SLUMBER PARTY),1,0
sydneyartssociety,SASS Mixed Touch Football  - Interfaculty Sport,0,0
sydneyartssociety,SASS Interfaculty Mixed Cricket,0,0
sydneyartssociety,"SASS attends Jew Revue 2013: Jew Fast, Jew Furious",0,0
sydneyartssociety,SASS Inter-Faculty Male & Female Soccer,0,0
sydneyartssociety,Ye Olde Pube Crawle,0,1
banterandmemes,SUCE EndOfSem Pres,0,1
banterandmemes,Lachlan Finch v2,1,1
banterandmemes,The Lachlan Finch Party,0,1
banterandmemes,"Wally's Wallet, SUMO & SUEUA Present: Cold Ones and Tequila",0,0
banterandmemes,Make USYD Great Again,0,0
banterandmemes,Bamsoc AGM '17,0,0
banterandmemes,USYD Societies Present: End of Exams Party 2016!,1,1
banterandmemes,Bone Apple Tea: Bamsoc goes to Scubar and Crab Racing,0,0
banterandmemes,Bamsoc and Sparksoc present: Wet with a Chance of Lightning,1,1
banterandmemes,Subski & Bamsoc Halloween Booze Cruise,0,1
banterandmemes,"SUEUA and Bamsoc present: Harba Cruz 2016 Dank Memes, Wet Dreams, and Laser Beams",1,1
banterandmemes,Bamsoc Presents: Cheeky Nando's,0,0
banterandmemes,BAMSOC's Welcome to Uni: Cheeky Nando's,0,1
banterandmemes,BAMSOC presents: Cheeky Nando's,0,1
fabsoc.sydney,Fabsoc General Meeting (Week 12),0,0
fabsoc.sydney,Fabsoc x Carousell Presents: USYD Open Day!,0,0
fabsoc.sydney,USYD Fabsoc O day Sem 2 2017,0,0
fabsoc.sydney,Fabsoc AGM 2017,0,0
fabsoc.sydney,Fabsoc Hosts Social Drinks!,0,1
fabsoc.sydney,USYD Fashion and Beauty Society at O-Week 2017,0,0
fabsoc.sydney,Pop-Up Nail Salon | Fabsoc x VERGE Festival,0,0
fabsoc.sydney,BAKE SALE!,0,0
fabsoc.sydney,Ekansh X Fabsoc : Henna & Nails,0,0
fabsoc.sydney,Bake Sale!,0,0
fabsoc.sydney,USYD Fashion & Beauty Society: O Day 2016!,0,0
fabsoc.sydney,Movie Night - The Great Gatsby,0,0
fabsoc.sydney,Fabsoc x Carousell Swap & Shop,1,0
fabsoc.sydney,Pop-Up Nail Salon | FABSOC x Pride Week,0,0
fabsoc.sydney,FABSOC AGM 2016,0,0
fabsoc.sydney,Welcome to FABSOC: Garden Party,0,1
fabsoc.sydney,USYD Fashion & Beauty Society: O-Week 2016!,0,0
fabsoc.sydney,The Bloggers Station | FABSOC x Verge Festival,0,0
fabsoc.sydney,Trivia Night + Meet 'n' Greet,1,1
fabsoc.sydney,RE-O-DAY 2015 FABSOC,0,0
fabsoc.sydney,FABSOC FREE HAIRSTYLING EVENT,0,0
fabsoc.sydney,FABSOC for NEPAL FUNDRAISER,0,0
fabsoc.sydney,FABSOC 'High Tea' AGM,0,0
fabsoc.sydney,Fabsoc Photoshoot event!,0,0
fabsoc.sydney,FABSOC Welcome Drinks,1,1
fabsoc.sydney,FABSOC @ O-WEEK 2013,0,0
madsocusyd,MADSOC Attends: Spring Awakening,0,0
madsocusyd,End of Year Showcase!,0,1
madsocusyd,MADSOC AGM 2017,1,1
madsocusyd,Back to Semester Drinks,1,0
madsocusyd,JFH Workshop with Carmen,0,0
madsocusyd,Salsa Workshop with Faisal,0,0
madsocusyd,Tap Workshop with Tom,0,0
madsocusyd,MADSOC Movie Night!,1,0
madsocusyd,MADSOC GM,0,0
madsocusyd,MADSOC Attends: Revue Season!,0,0
madsocusyd,O-Day Hiphop Workshop,0,0
madsocusyd,[★★★SOLD OUT★★★] Performing Arts Ball 2017: Space Ball,1,1
madsocusyd,"MADSOC Attends: MUSE ""Before Tomorrow"" - A Cabaret",0,0
madsocusyd,MADSOC attends: The 2017 Sydney Uni Revue,0,0
madsocusyd,MADSOC GM,0,0
madsocusyd,MADSOC GM,0,0
madsocusyd,MADSOC Attends: MUSE's Grease,0,0
madsocusyd,MADSOC Mad Socks Welcome Drinks,1,1
madsocusyd,MADSOC O-Week Stall,0,0
madsocusyd,Bunnings Sausage Sizzle - MADSOC Edition,0,0
madsocusyd,MADSOC End of Year Showcase,0,1
madsocusyd,MADSOC Blues Fusion Masterclass,0,0
madsocusyd,MADSOC Presents: 'Flicker',0,0
madsocusyd,Madsoc Attends: Curtains,0,0
madsocusyd,Madsoc AGM 2016,0,1
madsocusyd,JFH with Carmen - Radical Sex & Consent Week,0,0
madsocusyd,Madsoc Attends: Revue Season!,0,0
madsocusyd,LOCUS - The Movement and Dance Society's 2016 Major Production,0,0
madsocusyd,Madsoc Semester 2 Welcome Back drinks!,0,0
madsocusyd,Madsoc Attends No Lights No Lycra,0,1
madsocusyd,JFH with Carmen,0,0
madsocusyd,MADSOC's End Of Sem Party - The Final Countdown,0,0
madsocusyd,MADSOC Attends Wom*n's Revue 2016,0,0
madsocusyd,MADSOC Attends MUSE Compilation Cabaret,0,0
madsocusyd,MADSOC Attends 2016 Sydney Uni Revue,0,0
madsocusyd,MADSOC Attends MUSE's 'Legally Blonde',0,1
madsocusyd,MADSOC Attends Salsa at Establishment Bar!,1,1
madsocusyd,MADSOC Mad Socks Party,1,0
madsocusyd,"SUDS, MUSE, MADSOC & SURCAS Present: Performing Arts Trivia Night",1,1
madsocusyd,Adults Only Ballet Bootcamp @ Dance Domain,0,0
madsocusyd,MADSOC attends Salsa @ Establishment Bar!,1,1
madsocusyd,MADSOC Attends: MUSE Rep Season!,0,0
madsocusyd,MADSOC END OF YEAR SHOWCASE,0,1
madsocusyd,MADSOC Presents: ARC,0,1
madsocusyd,MADSOC AGM 2015,1,1
madsocusyd,MADSOC Attends 'Patches' at the Sydney Fringe Festival,0,0
madsocusyd,MADSOC Attends: Science Revue's 'Darwins & Dragons'!,0,1
madsocusyd,MADSOC Attends Commerce Revue 'Guys & Dollar Bills',0,1
madsocusyd,RADSEX & MADSOC Present: DANCE CLASS WITH AMRITA!,0,0
madsocusyd,MADSOC Attends Kindred!,0,0
madsocusyd,MADSOC Attends: ARTS REVUE'S 'The Arts of War',0,0
madsocusyd,MADSOC GM Sem 2!,0,0
madsocusyd,MADSOC's 10+1th Birthday & Welcome Back Party!,1,1
madsocusyd,MADSOC Attends SUDS Major 'A Midsummer Night's Dream',0,0
madsocusyd,MADSOC Attends: MUSE Compilation Show 'Out of the Shadows',1,0
madsocusyd,MADSOC Attends: Health and Wellbeing Day,0,0
madsocusyd,MADSOC Creative Workshop #1!,0,0
madsocusyd,MADSOC: Jam Session #1,1,0
madsocusyd,MADSOC Attends MUSE 'A Little Night Music',0,1
madsocusyd,MADSOC's Mad Socks Party!,1,0
madsocusyd,MADSOC @ O WEEK 2015,0,0
madsocusyd,MADSOC'S End of Year Showcase,1,1
madsocusyd,OSCURO Viewing @ Verge Film Festival,0,0
madsocusyd,MADSOC AGM 2014,1,1
madsocusyd,Studio B Partay!,1,0
madsocusyd,MADSOC @ Open Day,0,0
madsocusyd,MADSOC/OSCURO Attends Commerce Revue: Moolah Rouge,0,0
madsocusyd,MADSOC Does Salsa @ Establisment,0,0
madsocusyd,The Stroke of Midnight: The 2014 Performing Arts Ball,0,1
madsocusyd,OSCURO Attends: Jew Revue - Torah the Explorer!,0,0
madsocusyd,"MADSOC attends: CPC Open Day (Food, Smoothies, Prizes)",0,0
madsocusyd,MADSOC GM: Join the Exec,0,1
madsocusyd,SECRET FLASHMOB! Shh...,0,0
madsocusyd,Because I'm Happy Beginner's Dance Class - USU Health and Wellbeing Week,0,0
madsocusyd,OSCURO - Dancer Auditions,0,0
madsocusyd,MADSOC attends: ANYTHING GOES!,0,1
madsocusyd,MADSOC Meet 'n' Greet,0,1
madsocusyd,Magnetic Viewing Night,1,0
madsocusyd,MADSOC End of Year Showcase 2013!,0,1
madsocusyd,MADSOC and Verge 2013 Present: SEXPRESS,0,0
madsocusyd,Verge Festival Presents: A Funching Affair,1,0
madsocusyd,MADSOC AGM: Take 2,0,0
madsocusyd,New class: Lyrical Hip-Hop with Michaela Hodge!,0,0
madsocusyd,MAGNETIC,0,0
madsocusyd,MADSOC goes to Science Revue!,0,0
madsocusyd,AUJS and MADSOC present: SALSA FROM THE HEART,0,0
madsocusyd,MADSOC goes to: SYNERGY!,0,0
madsocusyd,MADSOC presents: The Beyonce Bootylicious Video Premiere!,0,0
madsocusyd,MADSOC attends: Performing Arts Ball 2013!,0,1
madsocusyd,MADSOC attends: LE'GO DANCE CAMP 2013!,0,0
madsocusyd,MADSOC presents: Choreographers' Workshop with Khairil Musa,0,0
madsocusyd,MADSOC attends: UPstaged! 2013,0,0
SUDSusyd,SUDS Fundraiser: Punk Rock,1,1
SUDSusyd,SUDS Presents: The Importance of Being Earnest,0,0
SUDSusyd,SUDS Summer GM,1,0
SUDSusyd,SUDS Presents: Caress / Ache,0,0
SUDSusyd,SUDS Presents: Divorced Dads and Dude Where’s My Clog?,0,0
SUDSusyd,SUDS Present: Erotic Fan Fiction,0,0
SUDSusyd,SUDS Presents: Piss Brains Loud Mouth,0,0
SUDSusyd,SUDS Presents: If All Goes Wrong,0,0
SUDSusyd,SUDS Presents: Heat Wave Comedy,0,0
SUDSusyd,SUDS Presents: An Hour of Prop Comedy,0,0
SUDSusyd,SUDS Presents: Albatross,0,0
SUDSusyd,SUDS Auditions: Blood Money,0,0
SUDSusyd,SUDS Auditions: Punk Rock,0,0
SUDSusyd,SUDS Presents: A Christmukkah Cabaret,0,0
SUDSusyd,SUDS Auditions: Weathervane Concept show,0,0
SUDSusyd,SUDS Auditions: Rope Play,0,0
SUDSusyd,SUDS Auditions: Caress/Ache,0,0
SUDSusyd,SUDS Auditions: The Importance of Being Earnest,0,0
SUDSusyd,SUDS AGM 2017,0,0
SUDSusyd,SUDS Presents: The Dark Room,0,0
SUDSusyd,SUDS Presents: After Dinner,0,0
SUDSusyd,SUDS & Verge Present: Just Another Twin Swap,0,1
SUDSusyd,SUDS & Verge Present: The Zoo Story,0,0
SUDSusyd,SUDS & Verge Present: The Guy The Girl and The Thirsty Old World,0,0
SUDSusyd,SUDS & Verge Present: (kerberos) in chaos,0,0
SUDSusyd,SUDS Presents: And Then There Were None,0,0
SUDSusyd,SUDS Presents: Three Days of Rain,0,0
SUDSusyd,SUDS Presents: Much Ado About Nothing,0,0
SUDSusyd,SUDS Presents: Amédée or How to Get Rid of It,0,0
SUDSusyd,SUDS MAJOR 2017: In Two Circles,0,0
SUDSusyd,[★★★SOLD OUT★★★] Performing Arts Ball 2017: Space Ball,1,1
SUDSusyd,Cancelled - SUDS Presents: The Normal Heart,0,0
SUDSusyd,SUDS Presents: Hazelwood Jr. High,0,1
SUDSusyd,Unidentified Human Remains and the True Nature of Love,0,0
SUDSusyd,SUDS Presents: Sublimation Part Two,0,0
SUDSusyd,PLAY WITH YOUR FOOD: Sublimation Part Two,1,0
SUDSusyd,SUDS Presents: Sublimation Part One,0,0
SUDSusyd,SUDS Presents: A Clockwork Orange,0,1
SUDSusyd,PLAY WITH YOUR FOOD: Clockwork Orange,1,1
SUDSusyd,ROUGH CUTS 2: Kommunist kats,1,0
SUDSusyd,SUDS Presents: Gaslight (Encore),0,0
SUDSusyd,SUDS Presents: Gaslight,0,0
SUDSusyd,SUDS O WEEK 2017: Rough Cut/O Week Party,0,0
SUDSusyd,SUDS O WEEK 2017: Slot Three Auditions,0,0
SUDSusyd,SUDS O WEEK 2017: Actors Group,0,0
SUDSusyd,Performing Arts Trivia Night,0,1
SUDSusyd,SUDS O WEEK 2017: Cold Reads and Cupcakes,0,0
SUDSusyd,SUDS O Week 2017,0,0
SUDSusyd,SUDS Presents: Walking with Woolf,0,0
SUDSusyd,"SUDS Presents: Cellar Film Festival #4 ""Stories We Tell""",1,0
SUDSusyd,SUDS Presents: Doggo and Puppers Party,0,0
SUDSusyd,SUDS Presents: Mass Destruction Part One + Part Two,0,0
SUDSusyd,"SUDS Presents: Cellar Film Festival 3 ""Trump/The Dead Zone""",0,0
SUDSusyd,"SUDS Presents: Cellar Film Festival #2 ""RoboCop""",1,0
SUDSusyd,SUDS Presents: ambient comedy,0,0
SUDSusyd,SUDS Presents: The Blue Bird,0,0
SUDSusyd,"SUDS Presents: Cellar Film Festival #1""Do The Right Thing""",1,1
SUDSusyd,"SUDS Presents: shevvi, haha. the void",0,0
SUDSusyd,Jacintegrating,0,0
SUDSusyd,SOLD OUT! - SUDS Presents: a menagerie,1,0
SUDSusyd,SUDS Presents: Unveiling/Dozens of Cousins,0,0
SUDSusyd,SUDS Presents: Mass Destruction Part One - Suicide is Potatoes,0,0
SUDSusyd,"SUDS Presents: Mates, a fully improvised Aussie soap opera",0,0
SUDSusyd,SUDS Presents: The Seagull,0,0
SUDSusyd,SUDS & Verge Present: The Audience is Present,0,0
SUDSusyd,SUDS & Verge Present: A Westerner's Guide to the Opium Wars,0,0
SUDSusyd,SUDS & Verge Present: Reset,0,0
SUDSusyd,SUDS Presents: Design for Living,0,0
SUDSusyd,SUDS Presents: The Book of Job,0,0
SUDSusyd,SUDS Presents: The Merchant of Venice,0,0
SUDSusyd,SUDS presents: Summer & Smoke,0,0
SUDSusyd,SUDS Major 2016: Black Hands/Dead Section,0,0
SUDSusyd,SUDS Presents: Dorian,0,0
SUDSusyd,"Myths, Legends and Where to Find Them: The 2016 Performing Arts Ball",1,0
SUDSusyd,SUDS Writers' Festival 2016,1,0
SUDSusyd,SUDS Presents: Tender Napalm,0,0
SUDSusyd,SUDS Presents: A View Of Concrete,0,0
SUDSusyd,SUDS Presents: Beat,0,0
SUDSusyd,SUDS Presents: JE NE SAIS QUOI,0,0
SUDSusyd,SUDS Presents: Lady,0,0
SUDSusyd,"SUDS, MUSE, MADSOC & SURCAS Present: Performing Arts Trivia Night",1,1
SUDSusyd,SUDS Presents: O Week 2016,1,0
SUDSusyd,SUDS PRESENTS: Summer Season 2015/16,0,0
SUDSusyd,SUDS PRESENTS: All My Sons,0,0
SUDSusyd,SUDS and Honi Soit Present: Blank Space - Criticism and the Arts,0,0
SUDSusyd,SUDS PRESENTS: The Verge Festival Season,0,0
SUDSusyd,SUDS PRESENTS: Manic Pixie Dream World,0,0
SUDSusyd,SUDS PRESENTS: Werewolves,0,0
SUDSusyd,SUDS Blank Space: Paula Arundell,0,0
SUDSusyd,SUDS Blank Space Panel: Exploring Trauma on Stage,0,0
SUDSusyd,"SHADES, SUDS, QUAC and QUEER REVUE Present: Sisters Grimm (Blank Space)",0,0
SUDSusyd,A Midsummer Night’s Dream,0,0
SUDSusyd,SUDS PRESENTS: Art,0,0
SUDSusyd,SUDS Blank Space Forum: Damien Ryan,0,0
SUDSusyd,Tonight- Midsummer Fundraiser,1,1
SUDSusyd,SUDS PRESENTS: Oleanna,0,0
SUDSusyd,Agamemnon - 125 Years of SUDS,0,1
SUDSusyd,SUDS PRESENTS: After Dark,0,0
FMAASydney,Chartered Accountants ANZ: Find your Fit,0,0
FMAASydney,FMAA NSW Presents: Inside Management Consulting 2017,0,0
FMAASydney,2017 NSW Women in Business Evening,0,0
FMAASydney,MCCC Strategy Consulting Workshop with Finch CEO Toby Gardner,0,0
FMAASydney,2017 FMAA Asset Management Case Competition USYD,0,0
FMAASydney,FMAA NSW Professional Services Evening 2017,0,0
FMAASydney,EY Female Future Leaders Event,0,0
FMAASydney,Grant Thornton Personal Branding Session,0,0
FMAASydney,Morgan Stanley 2017/2018 Summer Internship Networking Event,0,0
FMAASydney,Citi Internship Networking Evening,0,0
FMAASydney,Lazard Annual Cocktail Reception 2017,0,0
FMAASydney,Bank of America Merrill Lynch Women's Lunch Networking Event,0,0
FMAASydney,FMAA Presents: Gresham Partners Women in Banking Breakfast Event,0,0
FMAASydney,Bank of America Merrill Lynch Global Banking and Markets Event,0,0
FMAASydney,FMAA Presents: 2017 Intern Speaker Panel (USYD),0,0
FMAASydney,USYD Macquarie Financial Modelling Evening,0,0
FMAASydney,Goldman Sachs Sydney Corporate Advisory Networking Evening,0,0
FMAASydney,J.P. Morgan Investment Banking Case Study Networking Event,0,0
FMAASydney,FMAA NSW Financial Services Evening 2017,0,1
FMAASydney,FMAA: Nomura Investment Banking Information & Networking Event,0,0
FMAASydney,Goldman Sachs Information Session and Networking Evening,0,0
FMAASydney,Moelis Australia Trivia and Networking Evening,0,0
FMAASydney,Macquarie Employer Presentation USYD,0,0
FMAASydney,Citi Investment Banking Case Study and Networking Lunch,0,0
FMAASydney,2017 FMAA NSW Down-to-Business Luncheon,0,0
FMAASydney,Lazard Investment Banking Seminar (USYD),0,0
FMAASydney,FMAA Presents: Morgan Stanley Investment Banking M&A Case Study,0,0
FMAASydney,Gresham's Merger Model Workshop (USYD),0,0
FMAASydney,Morgan Stanley Women in Banking Scholarship Event,0,0
FMAASydney,UBS Valuation Seminar - USYD,0,0
FMAASydney,FMAA Sydney Subcommittee 2017 Applications,0,0
FMAASydney,USYD Macquarie Graduate Information Session,0,0
FMAASydney,2017 FMAA NSW Corporate Cocktails,0,1
FMAASydney,2017 FMAA Members Induction BBQ,0,0
FMAASydney,2017 FMAA USYD Membership,0,0
FMAASydney,FMAA and CA ANZ present the Prosperity Series: Leadership and EQ,0,0
FMAASydney,FMAA NSW Presents: 2016 Inside Management Consulting,0,0
FMAASydney,2016 FMAA NSW Women in Finance Evening,0,0
FMAASydney,FMAA Sydney Presents: 2016 FMAA National Management Consulting Case Competition,0,0
FMAASydney,2016 FMAA NSW Professional Services Evening (PSE),0,0
FMAASydney,EY Digital Careers Event,1,1
FMAASydney,2016 FMAA University of Sydney Real Estate Competition,0,0
FMAASydney,Morgan Stanley 2016/2017 Summer Internship Networking Event,0,0
FMAASydney,FMAA NSW Presents: Bank of America Merrill Lynch Interactive Case Study,0,0
FMAASydney,FMAA Sydney Presents: 2016 Intern Speaker Panel,0,0
FMAASydney,FMAA & UNIT NSW Present: Goldman Sachs In-House Information and Networking Evening,0,0
FMAASydney,J.P. Morgan’s Investment Banking Case Study Event,0,0
FMAASydney,FMAA Sydney Presents: Macquarie Financial Modelling Evening,0,0
FMAASydney,FMAA NSW Presents: Goldman Sachs Women’s Network Breakfast,0,0
FMAASydney,FMAA NSW Presents: Analyst Research Training Program In-house Information Evening,0,0
FMAASydney,2016 FMAA NSW Down-to-Business Luncheon,0,0
FMAASydney,Deutsche Bank in Asia - On-campus Event,0,0
FMAASydney,Morgan Stanley Women in Banking Scholarship Cocktail Evening,0,0
FMAASydney,Citi Women in Markets Business Breakfast,0,0
FMAASydney,FMAA Sydney Presents: Gresham's LBO Valuation Workshop,0,0
FMAASydney,USYD UBS Valuation Seminar,0,0
FMAASydney,FMAA Sydney Subcommittee 2016 Applications,0,0
FMAASydney,FMAA NSW Presents: Greenhill Cocktail Evening,0,0
FMAASydney,EY Female Leaders Event,0,0
FMAASydney,2016 FMAA NSW Corporate Cocktails,0,0
FMAASydney,FMAA Sydney Presents: Lazard Insights,0,0
FMAASydney,UNIT & FMAA Sydney Present: Deutsche Bank Introduction to Global Markets,0,0
FMAASydney,Bloomberg Sydney Panel Discussion & Networking Event,0,0
FMAASydney,EY Transactions Information Session,1,1
FMAASydney,FMAA NSW Presents: 2016 Citi Info Session,0,0
FMAASydney,Luminis Partners Graduate Program Cocktail Evening,0,0
FMAASydney,FMAA Members Induction BBQ,0,0
FMAASydney,FMAA USYD presents: LEK Consulting Information Session,0,0
FMAASydney,FMAA NSW Presents: Inside Management Consulting 2015,0,0
FMAASydney,"FMAA USYD & UNSW Present: FINSIA: Impact Investing – Financial Return, Social Gain",0,0
FMAASydney,UNIT & FMAA present the 2015 NSW Women in Finance Evening,0,0
FMAASydney,FMAA UNSW & USYD present: Chartered Accountant's 'Accounting In Focus' Event,1,1
FMAASydney,FMAA USYD presents: Grant Thornton Speed Networking Event,0,0
FMAASydney,FMAA presents: Cornell International Real Estate Case Competition,0,0
FMAASydney,FMAA USYD Presents: FMAA National Management Consulting Case Competition 2015,0,0
FMAASydney,FMAA UNSW & USYD present: The 2015 FMAA Professional Services Evening,0,0
FMAASydney,"FMAA USYD, SULS & SCC Present: The A.T. Kearney Case Challenge Workshop USYD",0,0
FMAASydney,FMAA USYD & UNSW Present: Barclays' Investment Banking Speed Networking Evening,0,0
FMAASydney,FMAA USYD & UNSW Present: The Gresham Summer Internship Cocktail Night,0,0
FMAASydney,Lazard Internship Cocktail Evening 2015,0,0
FMAASydney,Morgan Stanley In-house Networking Event,0,0
FMAASydney,FMAA USYD Presents: Intern Speaker Panel for Financial Services,0,0
FMAASydney,FMAA USYD & UNSW present: BAML In-House Cocktail Evening,0,1
FMAASydney,FMAA USYD Presents: J.P. Morgan Investment Banking Case Study,0,0
FMAASydney,FMAA UNSW & USYD present: Grant Thornton In-House Networking Evening,0,0
FMAASydney,FMAA USYD & UNSW Present: The 2015 FMAA Financial Services Evening,0,1
SU.Engineers,Reef Is ON,0,0
SU.Engineers,SUEUA End of Exams Kegs,0,1
SU.Engineers,SUEUA AGM Afters,0,1
SU.Engineers,SUEUA AGM,0,0
SU.Engineers,SUEUA presents Harba Crooze 2017 (CANCELLED),1,1
SU.Engineers,SUEUA revives Thursday night,1,1
SU.Engineers,"Free food, free drink, free travel - My Adventure Travel",1,1
SU.Engineers,From SUEUA with Love - Engineering Ball 2017,0,1
SU.Engineers,Engineering Industry Night,0,1
SU.Engineers,Free LinkedIn Photoshoot,0,0
SU.Engineers,SUEUA Slappy Tournament,0,1
SU.Engineers,Welcome to Semester 2 BBQ,0,0
SU.Engineers,Spoonfeedme Free BBQ,0,0
SU.Engineers,Interfaculty Pub Crawl,1,1
SU.Engineers,SUEUA Sees USYD Revue,0,1
SU.Engineers,Impromptu Keg,0,1
SU.Engineers,Accenture Graduate Coffee Date,0,0
SU.Engineers,Beer 'n' Bangers 2017: Into the Woods,0,1
SU.Engineers,Cocktails at the Royal,0,1
SU.Engineers,SUEUA | SIG Poker Tournament,0,0
SU.Engineers,Free Arup BBQ - Meet Current Graduates!,0,0
SU.Engineers,First Year Catch Up Drinks,1,1
SU.Engineers,SUEUA O-Week Pubcrawl 2017,0,1
SU.Engineers,USYD Societies Present: End of Exams Party 2016!,1,1
SU.Engineers,Oktoberfest,1,0
SU.Engineers,Post Election Pub Crawl,1,0
SU.Engineers,SUEUA AGM,0,0
SU.Engineers,Roaring 20s - Engineering Ball 2016,0,1
SU.Engineers,SUEUA learns to swing final session,0,0
SU.Engineers,SUEUA learns to swing session5,0,0
SU.Engineers,Engineering Industry Networking Night [Sold Out],0,1
SU.Engineers,SUEUA learns to swing session4,0,0
SU.Engineers,"SUEUA and Bamsoc present: Harba Cruz 2016 Dank Memes, Wet Dreams, and Laser Beams",1,1
SU.Engineers,"SUEUA learns to swing, vol. 2",0,0
SU.Engineers,Engolympics 2016,1,1
SU.Engineers,SUEUA learns to swing,0,0
SU.Engineers,"ARUP's Fire Team Free!! BBQ, SUMO styled",0,0
SU.Engineers,SUEUA gets trashy,0,1
SU.Engineers,Beer 'n' Bangers 2016 [Sold Out],1,1
SU.Engineers,Free Souvlaki by Brewsical,1,0
SU.Engineers,SUABE Careers Seminar (Q & A Internship Panel),1,0
SU.Engineers,Taco Tuesday $FREE,0,0
SU.Engineers,SUEUA Trivia,0,1
SU.Engineers,SUEUA Makes Doner Kebabs,0,0
SU.Engineers,USYD Inter-Faculty Pubcrawl,1,1
SU.Engineers,Engo Revue Sketch Writing Session,0,1
SU.Engineers,ADF Racing Night,0,0
SU.Engineers,FREE SUEUA BBQ Sponsored by the ADF,0,0
SU.Engineers,SUMO AGM,1,0
SU.Engineers,SUABE AGM + free pizza,1,0
SU.Engineers,SUABE presents The Annual Welcome Dinner 2016,0,0
SU.Engineers,Sydney University Engineering Cocktail Night,0,1
SU.Engineers,Albury mixed netball team SCAV HUNT,0,1
SU.Engineers,SLA Leadership Talks Series: Brian Lim,0,0
SU.Engineers,FREE BBQ Sponsored by SpoonFeedMe,0,0
SU.Engineers,SUWIE High Par-tea,0,0
SU.Engineers,"Slip, Slide 'n' Sliders, proudly sponsored by Ansell",0,1
SU.Engineers,"SLA 2016 Launch and $14,000 Dymocks Innovation Challenge",0,0
SU.Engineers,$2 Thai and Chiki Nugs!,1,0
SU.Engineers,SUABE does pancakes !,0,0
SU.Engineers,SUCE Does Free Pulled Pork!,0,0
SU.Engineers,Impromptu Keg,0,1
SU.Engineers,SUMO's FREE GOURMET BUTCHER QUALITY SAUSAGES,1,0
SU.Engineers,MyElectricalCommunity Electrical Engineering Showcase,0,0
SU.Engineers,Engineering and IT Careers Fair - 9 March - Open to University of Sydney Students ONLY,0,0
SU.Engineers,SUABE Social Drinks,0,1
SU.Engineers,CAKE STALL,0,0
SU.Engineers,Welcome Cocktails,0,1
SU.Engineers,Impromptu Thursday Keg,0,1
SU.Engineers,O-Week Pubcrawl,1,1
SU.Engineers,SUEUA End of Exams Keg Sem 2,0,1
SU.Engineers,SUCE End of Semester Party,0,1
SU.Engineers,SUWIE Thai Night,0,1
SU.Engineers,SUABE Twilight Music Night,0,1
SU.Engineers,Interfac Sports: SUEUA drinks beers at 5Km Run,0,1
SU.Engineers,SUCE AGM,0,0
SU.Engineers,President's Party 2015!,1,1
SU.Engineers,SUEUA AGM,0,1
SU.Engineers,[SOLD OUT] SUEUA'S 2015 ENGINEERING BALL: FIRE & ICE,0,1
SU.Engineers,FREE SUEUA BBQ - SPONSORED BY ABERGELDIE,0,0
SU.Engineers,Engtoberfest,0,1
SU.Engineers,MATH1003 Quiz Review Session & Free Pizza,1,0
SU.Engineers,SUABE Careers Seminar Part 1,0,1
SU.Engineers,SUCE Does Big Macs (Sort Of),0,0
SU.Engineers,CARDNO CUP,1,1
SU.Engineers,USYD Inter-Faculty Pub Crawl,1,1
SU.Engineers,SUEUA SCAV HUNT,0,1
SU.Engineers,Thursday Kegs!,0,1
SU.Engineers,SUEUA Presents 2015 Beer 'N' Bangers: Cirque de la Biѐre!!,1,1
SU.Engineers,SUEUA Slip'n'Slide,0,0
SU.Engineers,ENGOLYMPICS,1,1
SU.Engineers,SUEUA Scavenger Hunt,0,1
smsociety,Beers and Billiards,0,1
smsociety,SMS AGM,0,0
smsociety,SMS Launch: 2017 Careers Guide,0,0
smsociety,SMS General Meeting,0,0
smsociety,SMS: Marketers Meet The Royal,1,1
smsociety,SMS 2017 Careers Fair,0,0
smsociety,SMS Beer and Pizza Party,1,1
smsociety,SMS Presents: RB Networking Luncheon,0,0
smsociety,The SMS Internships Careers Fair,0,0
smsociety,SMS Presents: Mentor Program,0,0
smsociety,SMS Presents: Cinema & Free Food,1,0
smsociety,SMS Presents: Careers Fair 2016,0,0
smsociety,SMS Presents: Pancakes & Ice-cream,0,0
smsociety,SMS Presents: Oweek 2016,0,0
smsociety,End of Semester Social- Love's Last Chance,1,1
smsociety,Sydney Marketing Society AGM,1,1
smsociety,Discover Millward Brown,0,0
smsociety,The Sydney University Business School Societies Present: The High Achievers Breakfast,0,0
smsociety,SMS BBQ,1,0
smsociety,P&G Internship Information Session,1,0
smsociety,SMS Careers and Internships Fair,0,0
smsociety,Unilever Internship Information Session,1,0
smsociety,Sydney Marketing Society General Meeting,1,1
smsociety,Marketing Careers Fair,0,0
smsociety,Start of Semester Drinks,1,1
smsociety,SMS and GradConnection Top100 Most Employable Future Graduates Competition,0,0
smsociety,SMS Trivia Night,0,0
smsociety,UM Internship Info Session,1,1
smsociety,Creativity Skills Workshop,1,0
smsociety,SMS Careers Fair,0,0
smsociety,SMS Welcome Back Drinks,1,1
smsociety,Product Placement Trivia Night,1,0
smsociety,SMS Marketing across Cultures Panel Event,1,0
smsociety,SMS Careers Fair,0,0
smsociety,SMS Welcome Back Drinks,1,1
smsociety,Sydney Marketing Society Annual General Meeting,0,0
USydEDSOC,Starry Night: EDSOC Ball 2017,0,1
USydEDSOC,Interfac 5km Run (EDSOC),0,1
USydEDSOC,USYD Social Work Connect 2017,1,0
USydEDSOC,EDSOC Haunted Vessel Cruise 2017,1,1
USydEDSOC,Drylight 2017 Call-Outs!,0,0
USydEDSOC,3KM Interfac Run (EDSOC) / Celebrations!,0,0
USydEDSOC,Interfaculty Pub Crawl,1,1
USydEDSOC,EDSOC First Year Camp 2017 - Where the Wild Things Are,0,1
USydEDSOC,Cardie Crawl Sem 1,0,1
USydEDSOC,Education and Social Work Society - 2017 Annual General Meeting.,0,0
USydEDSOC,EDSOC OWeek Stall,0,0
USydEDSOC,SOLD OUT - Seven Deadly Sins: EDSOC Ball 2016,0,1
USydEDSOC,Safe Schools Coalition Talk/Q&A,0,0
USydEDSOC,Drylight 2016 Call for Submissions,0,0
USydEDSOC,Cardie Crawl - Semester 2,0,1
USydEDSOC,USYD Social Work Connect,0,1
USydEDSOC,Welcome Back BBQ,1,0
USydEDSOC,SOLD OUT: EDSOC Light Up The Night Cruise 2016,1,1
USydEDSOC,EDSOC Team - 3KM RUN 2016,0,1
USydEDSOC,EDSOC throws a Frisbee,0,0
USydEDSOC,EDSOC plays Interfac Futsal,1,1
USydEDSOC,EDSOC goes to INTER-FAC PUB CRAWL,1,0
USydEDSOC,EDSOC April General Meeting 2016,0,0
USydEDSOC,Football Coaching Course,0,0
USydEDSOC,TeachMeet USYD 2016,0,1
USydEDSOC,EDSOC does Swimming - Week 5,0,0
USydEDSOC,CARDIE CRAWL - Semester 1,0,1
USydEDSOC,EDSOC's AGM 2016,0,0
USydEDSOC,EDSOC First Ever ALL Years Camp,1,1
USydEDSOC,The Great Gatsby: EDSOC Ball 2015,0,1
USydEDSOC,TeachMeet USyd,0,1
USydEDSOC,EDSOC's Semester 2 Cardie Crawl,0,1
USydEDSOC,EDSOC General Meeting August 2015,0,0
USydEDSOC,Welcome Back BBQ,1,1
USydEDSOC,EDSOC PRESENTS: 90's Boy/Girl Bands CRUISE,0,1
USydEDSOC,EDSOC General Meeting June 2015,0,0
USydEDSOC,Education and Social Work Society Annual General Meeting,0,0
USydEDSOC,Cardie Crawl,0,1
USydEDSOC,EDSOC Semester 2 Cardie Crawl,1,1
USydEDSOC,EDSOC 'Talk Nerdy to Me' Cruise,0,1
USydEDSOC,EDSOC Annual General Meeting,0,0
USydEDSOC,EDSOC Semester 1 Cardie Crawl,1,1
USydEDSOC,End of Year ‘Fire & Ice’ Ball 2013!,0,1
USydEDSOC,EDSOC Random Acts of Kindness,0,0
USydEDSOC,Semester 2 Cardie Crawl and Games Night!,1,1
USydEDSOC,Cartoon and Comic Book Character Cruise,0,1
USydEDSOC,TeachMeet USyd!!!,1,1
USydEDSOC,"EDSOC Presents: Interfaculty Sport BBQ- Semester 1, 2013",0,1
USydEDSOC,EDSOC Annual General Meeting,0,0
USydEDSOC,Semester 1 Cardie Crawl!,1,1
USydEDSOC,EDSOC End of Year Masquerade Ball,0,1
USydEDSOC,Cardie Crawl Semester 2,0,1
USydEDSOC,EDSOC General Meeting Semester 2,0,0
USydEDSOC,EDSOC Semester 1 - 1920's Cruise,0,1
USydEDSOC,Cardie Crawl Semester 1,0,1
USydEDSOC,EDSOC's Halloween Ball,0,1
USydEDSOC,EdSoc Bake Sale/Cake Stall,0,0
USydEDSOC,EdSoc's Arabian Nights Cruise,1,1
USydEDSOC,Cardie Crawl,1,1
usydecosoc,Why Public Policy Matters: With Karen Chester,0,0
usydecosoc,EcoSoc AGM,0,0
usydecosoc,Welcome Back Pizza +Drinks,1,1
usydecosoc,Federal Budget Analysis + Q&A with Chris Richardson,0,0
usydecosoc,Economics Week 11 Casual Drinks,0,1
usydecosoc,AGM,0,0
usydecosoc,Post Exams Drinks,0,1
usydecosoc,2nd Annual John Nash Cruise,1,1
usydecosoc,EcoSoc Lecture Series - Economics of Passport Demand,1,1
usydecosoc,EcoSoc and SASS Back To Uni Pub Crawl!,1,1
usydecosoc,Milton Friedman Pub Crawl,1,1
usydecosoc,A Day In The Life Of,0,0
usydecosoc,EcoSoc Welcome to Uni Party,0,0
usydecosoc,Sydney University Economics and Econometrics Society Journal,0,0
usydecosoc,EcoSoc End of year drinks,0,1
usydecosoc,EcoSoc AGM,0,0
usydecosoc,EcoSoc Drinks at Hermann's,0,1
usydecosoc,EcoSoc Presents the Inaugural John Nash Cruise,1,1
usydecosoc,EcoSoc General Meeting and Drinks,0,1
usydecosoc,EcoSoc:Ordinary Meeting and Welcome Back Drinks,0,1
usydecosoc,EcoSoc Drinks at Manning,0,0
usydecosoc,EcoSoc Drinks at Hermann's,0,1
usydecosoc,Sydney University EcoSoc General Meeting,0,0
usydecosoc,Ecosoc Presents The Milton Friedman Pub Crawl,1,0
usydecosoc,EcoSoc Casual Drinks,0,1
usydecosoc,A Day in the Life of...,0,0
usydecosoc,EcoSoc Post Mid-Semester BBQ,0,0
SURGFM.USYD,TONIGHT: The Society That Stole Christmas,0,1
SURGFM.USYD,SURG AGM,0,0
SURGFM.USYD,Sydney Uni Community Cup,1,0
SURGFM.USYD,Tonight - SURG FM: General Meeting,0,0
SURGFM.USYD,Tonight - SURG Broadcaster Training + Show Application Workshop,1,1
SURGFM.USYD,"Countdown Corner Presents ""The Final Countdown"" (do do do do)",0,1
SURGFM.USYD,TODAY - SURG Sem 2 Welcome Drinks,0,1
SURGFM.USYD,"Podcasting Workshop with NPR Producer, Susan Davis",0,0
SURGFM.USYD,Vivid Sydney Presents Purple Sneakers Eleventh Birthday,0,0
SURGFM.USYD,TODAY // thursday night live: an honi x surg end of sem party,0,1
SURGFM.USYD,TODAY: Video Killed the Radio Star: Presented by MECOSOC / Honi / SURG,0,1
SURGFM.USYD,USU Election Soapbox (and swapmeet),0,0
SURGFM.USYD,Welcome Drinks (includes Show Proposal Workshop),1,1
SURGFM.USYD,SURG at O-Week,0,0
SURGFM.USYD,SURG FM - Annual General Meeting (AGM),0,0
SURGFM.USYD,SURG X VERGE Outside Broadcast!,0,0
SURGFM.USYD,SURG Fortnightly Drinks,0,0
SURGFM.USYD,SURG FM Election General Meeting,0,1
SURGFM.USYD,SURG FM Compulsory Training Night,1,0
SURGFM.USYD,SURG Week 9 Drinks!,0,1
SURGFM.USYD,SURG DRINKS,0,0
SURGFM.USYD,SURG TRAINING NIGHT,1,1
SURGFM.USYD,SURGfm Welcome Drinks,0,0
SURGFM.USYD,Rad Funtimes End Of Semester Drinks @ Flodge,0,1
SURGFM.USYD,SURG FM Annual General Meeting,0,0
SURGFM.USYD,SURG FM General Meeting ~ELECTIONS AND BEER EDITION~,0,1
SURGFM.USYD,SURG FM Compulsory Broadcaster Training ~Featuring Chris Taylor~,1,1
SURGFM.USYD,SURG Does O Day,0,1
SURGFM.USYD,SURG fm End of Semester Drinks,0,1
SURGFM.USYD,SURG FM General Meeting *CANCELLED* (the thing has been sorted),0,1
SURGFM.USYD,SURG FM Grills the Board Candidates,0,0
SURGFM.USYD,SURG FM General Meeting,0,0
SURGFM.USYD,"SURG FM Broadcaster Training Featuring Andrew Denton, Alex Dyson, Georgia Hitch and Caroline Gates",1,1
SURGFM.USYD,SURG FM Welcome Drinks,0,1
SURGFM.USYD,SURG End of Semester Drinks and Awards,0,1
SURGFM.USYD,SURG AGM,0,0
SURGFM.USYD,SURG at Verge,0,0
SURGFM.USYD,General Meeting: Elections,0,0
SURGFM.USYD,SURG FM: Semester Two Training,0,0
SURGFM.USYD,Start of Broadcast Party,0,0
SURGFM.USYD,SURG FM Legal Training,0,0
SURGFM.USYD,SURG FM: Semester One Training,0,0
SURGFM.USYD,The Wireless: SURG @ O-Week,0,0
SURGFM.USYD,SURG End of Semester Party and Awards Night,0,1
SURGFM.USYD,SURG FM Annual General Meeting,0,0
SURGFM.USYD,SURG FM Start of Broadcast Drinks,0,1
SURGFM.USYD,SURG FM Semester 2 Training,0,0
SURGFM.USYD,ELECTIONS General Meeting,0,0
SURGFM.USYD,SURG FM Broadcast Launch Party in conjunction with the USU and Beat the System,0,1
SURGFM.USYD,SURG FM Compulsory Broadcast Training: How to make radio and alienate ear drums,0,0
SURGFM.USYD,SURG FM General Meeting,0,0
SURGFM.USYD,SURG FM Welcome Drinks!,0,1
SURGFM.USYD,SURG FM End of Semester Party and Awards Night!,1,1
SURGFM.USYD,Mid Broadcast Dranks!,0,1
USydQuidditch,Beach Quidditch Returns: Eyespeakables become friends!,1,0
USydQuidditch,USYD hosts Wednesday Merc!!,0,0
USydQuidditch,USyd Open Beach Quidditch Training,0,0
USydQuidditch,Quidditch Club AGM,0,0
USydQuidditch,USyd Quidditch Bake Sale!,1,0
USydQuidditch,USyd Quidditch DADA Class: Laser Tag,0,0
USydQuidditch,Foodie Friday 4 - Golden Lotus,1,0
USydQuidditch,USyd Internal Fantasy Tournament,0,0
USydQuidditch,Foodie Friday 3 - Real Grounded,1,0
USydQuidditch,USYD Quidditch presents Harry Potter Trivia!,0,1
USydQuidditch,USYD Quidditch Mafia and Card Games!,0,0
USydQuidditch,Special Foodie Thursday - OWLs (Pub Trivia),1,0
USydQuidditch,Quidditch Society General Meeting,0,0
USydQuidditch,USYD Quidditch Flying Class (Trampolining),0,0
USydQuidditch,Foodie Friday 2 - Soul Burger,1,0
USydQuidditch,USYD Quidditch Karaoke Night!,0,1
USydQuidditch,Foodie Friday 1 - Lentil as Anything,1,0
USydQuidditch,Play Quidditch at Sydney Uni (Friday Wk 2),0,0
USydQuidditch,USYD Quidditch Hogsmeade Trip (Newtown Pub Crawl),1,1
USydQuidditch,Play Quidditch at Sydney Uni (Thursday Wk 2),0,0
USydQuidditch,Come and Try Sydney Uni Quidditch (Friday Wk1),0,0
USydQuidditch,Come and Try Sydney Uni Quidditch (Thurs Wk1),0,0
USydQuidditch,Quidditch At Sydney Uni Meet and Greet,0,1
USydQuidditch,Come and Try Sydney Uni Quidditch (Tuesday Wk1),0,0
USydQuidditch,Sydney Uni Quidditch Birthday Drinks!,0,1
USydQuidditch,Quidditch O-Day Demo (& Stall),0,1
USydQuidditch,End of Semester Foodie Friday!,1,0
USydQuidditch,Foodie Friday!,0,0
USydQuidditch,USyd Quidditch goes Disco Ice Skating (plus 3rd Foodie Friday),1,0
USydQuidditch,USyd Quidditch Bake Sale!,0,0
USydQuidditch,USyd Quidditch DADA Class: Laser Tag,0,0
USydQuidditch,USyd Quidditch Karaoke Night!,0,1
USydQuidditch,USyd Quidditch and the Philosopher's Harry Potter Trivia!,0,1
USydQuidditch,Foodie Friday 2 - The Pie Tin,1,0
USydQuidditch,USydQuidditch General Meeting,0,0
USydQuidditch,USyd Horcrux Scavenger Hunt,0,0
USydQuidditch,Foodie Friday 1 - Alice's Thai,1,0
USydQuidditch,USydQuidditch Harry Potter Movie Night 1,0,0
USydQuidditch,USydQuidditch Hogsmeade Trip! (Newtown Pub Crawl),1,1
USydQuidditch,Usyd Quidditch Come and Try! (Friday Wk2),0,0
USydQuidditch,Usyd Quidditch Come and Try! (Thursday Wk2),0,0
USydQuidditch,USyd Quidditch Health and Wellbeing Day Demo Game!,0,0
USydQuidditch,Quidditch Info / Come and Try! (Friday Wk1),0,0
USydQuidditch,Quidditch Info / Come and Try! (Thursday Wk1),0,0
USydQuidditch,USyd Quidditch Broadway Crown Meet & Greet,0,1
USydQuidditch,USyd Quidditch Hermann's Meet and Greet!,0,0
USydQuidditch,USyd Quidditch O-Week Demo,0,0
USydQuidditch,USyd Quidditch Info Day Demo,0,0
USydQuidditch,2016 SUQS AGM,0,0
USydQuidditch,Harry Potter Trivia - Let's Get Quizzical!,0,1
USydQuidditch,Horcrux Hunt,0,0
USydQuidditch,Nerd Cruise,1,1
USydQuidditch,Flying Class ft. Trampolines,0,0
USydQuidditch,Harry Potter and the Goblet of Trivia,0,0
USydQuidditch,Muggle Studies - Laser Tag and Bowling,0,0
USydQuidditch,Hogsmeade Scavenger Hunt,0,1
USydQuidditch,Welcome to Quidditch!,0,0
USydQuidditch,Quidditch Society Meet-and-Greet,1,0
USydQuidditch,O-Week Demo Match,0,0
USydQuidditch,Quidditch Society at O-Week,0,0
USydQuidditch,Quidditch Society AGM 2015,0,0
USydQuidditch,Harry Potter Trivia,0,0
USydQuidditch,SEMESTER 2 WELCOME SESSION!!,0,0
USydQuidditch,Harry Potter Trivia Night!!,0,0
USydQuidditch,First Practice!,0,0
USydQuidditch,Welcome Information Session,0,0
USydQuidditch,Sydney Uni Quidditch Society: O WEEK!,0,0
USydQuidditch,The Sorting Ceremony,0,0
USydQuidditch,Trip to Hogsmeade,0,1
USydQuidditch,Horcrux Hunt,0,0
USydQuidditch,Harry Potter Trivia,0,1
USydQuidditch,The Hufflepuff Bake Sale,0,0
USydQuidditch,SUQS AGM,0,0
USydQuidditch,SUQS General Meeting,0,0
USydQuidditch,SUQS Presents: Happee Birthdae Harry,0,0
USydQuidditch,Quidditch Does Harry Potter Trivia,0,0
USydQuidditch,Week 6 Quidditch Training,0,0
USydQuidditch,Post-Easter (Week 5) Training Session,0,0
USydQuidditch,Week 3 - Training and SUNRISE!,0,1
USydQuidditch,Week 2 Quidditch Training and Dranks,0,1
USydQuidditch,O WEEK QUIDDITCH,0,0
USydQuidditch,SUQS Week 13 Training,0,0
USydQuidditch,SUQS Quidditch Training,0,0
sydneyuniversitymedicalsociety,SUMS General Meeting,0,0
sydneyuniversitymedicalsociety,SUMS AGM 2017,0,0
sydneyuniversitymedicalsociety,SUMS Annual Lambie Dew Oration,0,0
sydneyuniversitymedicalsociety,SUMS Stage 3 Transition Night,0,0
sydneyuniversitymedicalsociety,SUMS BLUE Party: All Profits for BeyondBlue,1,0
sydneyuniversitymedicalsociety,SUMS Ordinary Meeting,0,0
sydneyuniversitymedicalsociety,SUMS Presents: USYD Petting Zoo!,0,0
sydneyuniversitymedicalsociety,SUMS Seminar: Mental Health of Young Doctors,1,0
sydneyuniversitymedicalsociety,SUMS Mental Health Month of May,0,0
sydneyuniversitymedicalsociety,SUMS World's Greatest Shave 2017,0,0
sydneyuniversitymedicalsociety,SUMS General Meeting,0,0
sydneyuniversitymedicalsociety,SUMS Presents: 58th Annual Lambie Dew Oration,0,0
sydneyuniversitymedicalsociety,SUMS AGM & 2017 Executive Elections,0,0
sydneyuniversitymedicalsociety,SUMS Ordinary Meeting,0,0
sydneyuniversitymedicalsociety,SUMS General Meeting,0,0
sydneyuniversitymedicalsociety,SUMS Annual General Meeting,0,0
sydneyuniversitymedicalsociety,SUMS World's Greatest Shave Competition,1,0
sydneyuniversitymedicalsociety,SUMS presents... Halfway GradBall,0,1
sydneyuniversitymedicalsociety,"The 2015 Lambie Dew Oration: Fran Baum, on Creating Healthy and Fair Communities",0,0
sydneyuniversitymedicalsociety,SUMS presents... Stage 3 Transition Night,0,0
sydneyuniversitymedicalsociety,USYD vs. UNDS | BOQ Specialist Charity Rugby Cup,1,0
sydneyuniversitymedicalsociety,R U OK? Day at Sydney Medical School,0,0
sydneyuniversitymedicalsociety,SUMS Seminar Series - Respiratory,0,0
sydneyuniversitymedicalsociety,Yes We CANS,0,0
sydneyuniversitymedicalsociety,***RED PARTY 2015*** (Presented by GlobalHome and SUMS),0,0
sydneyuniversitymedicalsociety,SUMS 2015 Mental Health Forum,0,0
sydneyuniversitymedicalsociety,SUMS presents... MEDBALL 2015 'MIDNIGHT IN PARIS',0,0
sydneyuniversitymedicalsociety,SUMS Seminar Series - B is for B-Cell: Immunology,0,0
sydneyuniversitymedicalsociety,SUMS Seminar Series - Neurology,0,0
sydneyuniversitymedicalsociety,Sydney University Medical Society General Meeting,0,0
sydneyuniversitymedicalsociety,SUMS AGM,1,1
sushades,Shades takes over Birdcage!,0,0
sushades,Shades: Graffiti Tunnel REDO,0,0
sushades,Shades Glitter Gala Pre-party - Verge Festival Feat. Nic Kelly,1,1
sushades,Shades: Queer Beers,1,1
sushades,Shades: Queer Speed Friend-ing!,1,1
sushades,Shades AGM (AGAIN!),0,0
sushades,Today! - Shades AGM,0,0
sushades,Shades: End of the World,0,1
sushades,Shades Does Queer Christmas,0,1
sushades,USYD OWeek: Queer Beers,0,1
sushades,Birdcage x Shades ICLC Fundraiser!,0,0
sushades,Shades Back to School: Safe Schools Edition,0,0
sushades,Shades AGM 2.0,0,0
sushades,SHADES AGM,0,0
sushades,SHADES General Meeting,0,0
sushades,SHADES & ACON PRESENT: Marriage Gras,0,0
sushades,Glitter Gala 2015,0,1
sushades,SHADES INVADERS: Aliens & Astronauts,0,0
sushades,Radical Sex and Consent Closing Night Party,0,1
sushades,SHADES: Back 2 Black,0,0
sushades,SHADES ATTENDS: Midsummer,0,0
sushades,SHADES: AGM,0,0
sushades,SHADES Movie Night: Pride for Pride!,1,0
sushades,SHADES: Pride Week BBQ!,0,0
sushades,SHADES: Apocalypse,0,0
sushades,SHADES: Welcome Lunch!,1,0
sushades,SHADES: End of Sem 80's Party!,0,1
sushades,Glitter Gala *SOLD OUT*,0,1
sushades,SHADES Presents: Drag on Campus!,0,0
sushades,SHADES Presents: Radical Sex & Consent Day Party,0,0
sushades,SHADES goes to Queer Revue!,0,1
sushades,SHADES does trivia for a Queer cause!,0,0
sushades,SHADES goes back to school!,0,1
sushades,SHADES Welcome Back BBQ!,1,0
sushades,SHADES Carnivale!,0,1
sushades,SHADES AGM!!!,0,1
sushades,A Speaker Night with SHADES,0,1
sushades,SHADES Hosts Manning Trivia,0,1
sushades,TODAY!!!! SHADES Talks Oral Sex for Health and Wellbeing Week,0,0
sushades,SHADES takes over DENDY CINEMAS for ROCKY HORROR!!,0,0
sushades,SHADES START OF SEMESTER PARTY: Mobsters Vs Lobsters!,0,1
sushades,SHADES Picnic,0,1
sushades,SHADES O Week welcome drinks!,1,1
sushades,A SHADES Christmas,0,0
sushades,"ABC, easy as... SHADES",0,1
sushades,SHADES Trivia,1,0
sushades,SHADES does Super Queeroes,0,1
sushades,SHADES does Queer Revue!,0,1
sushades,SHADES BBQ: Prep for Wear it Purple,1,0
sushades,SHADES: General Meeting,0,0
sushades,SHADES Movie Night: Bridesmaids,1,0
sushades,SHADES WINTER WONDERLAND,0,0
sushades,SHADES: The Welcome Back BBQ,1,0
usydscisoc,SciSoc O-Week Stall,1,0
180DegreesSydneyUniversity,Pitch Perfect: A Real Consulting Engagement,0,0
180DegreesSydneyUniversity,180 Degrees: 2018 Exec Appointment Info Session,0,0
180DegreesSydneyUniversity,180 Degrees Consulting Cruise,1,1
180DegreesSydneyUniversity,Presentation Skills Workshop,0,0
180DegreesSydneyUniversity,PowerPoint Workshop,0,0
180DegreesSydneyUniversity,180DC x Nous Group Social Impact Case Competition Grand Finals,0,1
180DegreesSydneyUniversity,180 Degrees Consulting: USYD Case Competition Workshop 2017,0,0
180DegreesSydneyUniversity,180DC Empowering Social Enterprises through Student Consultancy,0,0
180DegreesSydneyUniversity,180 Degrees Consulting APAC Conference 2017,1,0
180DegreesSydneyUniversity,Sydney Region Training Day,0,0
180DegreesSydneyUniversity,180 Degrees Consulting: Social Impact Case Competition - Sydney Region Final & Networking Night,0,1
180DegreesSydneyUniversity,180 Degrees Consulting Presents: USYD Case Competition Workshop,0,0
180DegreesSydneyUniversity,180 Degrees Consulting Presents: The Future of Humanitarianism - A Panel Discussion,0,0
180DegreesSydneyUniversity,"180 Degrees Presents: Nous Apps Presentation, Pizza and Trivia",1,0
180DegreesSydneyUniversity,180 Degrees Consulting End of Semester Social,1,1
180DegreesSydneyUniversity,180 Degrees Consulting Case Competition Presentation and Networking Night,0,1
180DegreesSydneyUniversity,180DC Social Impact Consulting Case Competition,0,0
180DegreesSydneyUniversity,180 Degrees Wild Ideas Forum,0,0
180DegreesSydneyUniversity,CHARITIES: DO THEY WORK?,0,0
Filmsoc.USyd,Halloween Double Feature: Ganja & Hess and Re-Animator,0,1
Filmsoc.USyd,Filmsoc Week 12: Xiu Xiu: The Sent Down Girl,1,1
Filmsoc.USyd,Filmsoc Week 11: The Night of the Hunter,1,1
Filmsoc.USyd,Filmsoc Week 10: AGM + Lost Highway,1,1
Filmsoc.USyd,"Filmsoc Week 9: Priscilla, Queen of the Desert",1,1
Filmsoc.USyd,Filmsoc Week 8: Gates of Heaven,1,1
Filmsoc.USyd,Filmsoc turns 70: The Lady from Shanghai,1,1
Filmsoc.USyd,Filmsoc Week 6: The Cabinet of Dr. Caligari,1,1
Filmsoc.USyd,Filmsoc Week 5: Tangerine,1,1
Filmsoc.USyd,Film Trivia at Manning,1,1
Filmsoc.USyd,Filmsoc Week 3: Rocky IV + GM,1,1
Filmsoc.USyd,Filmsoc Week 2: Thx1138,1,1
Filmsoc.USyd,Filmsoc Week 1: Battle Royale,1,1
Filmsoc.USyd,Filmsoc x Dogesoc: End of Semester Mystery Movie,1,1
Filmsoc.USyd,Filmsoc Presents: Sexy Beast,1,1
Filmsoc.USyd,Filmsoc presents: Perfect Blue,1,1
Filmsoc.USyd,Filmsoc Presents: Moment of Innocence,1,1
Filmsoc.USyd,Filmsoc Presents: Funeral Parade of Roses,1,1
Filmsoc.USyd,Filmsoc Presents: Polyester,1,1
Filmsoc.USyd,Filmosc presents: The Last Laugh,1,1
Filmsoc.USyd,Filmsoc presents: Picnic at Hanging Rock,1,0
Filmsoc.USyd,Filmsoc presents: The Love Witch,1,0
Filmsoc.USyd,"Filmsoc Presents: ""Phantom of the Paradise""",1,0
Filmsoc.USyd,Filmsoc presents: The Piano,0,0
Filmsoc.USyd,Filmsoc Week 2: Beyond The Valley of the Dolls,1,1
Filmsoc.USyd,Filmsoc 2017 Opening: Wake in Fright,1,1
Filmsoc.USyd,FilmSoc Halloween: Braindead,1,1
Filmsoc.USyd,FilmSoc Week 12: The Forbidden Room,1,1
Filmsoc.USyd,FilmSoc Trivia at Manning Bar!,0,0
Filmsoc.USyd,FilmSoc Week 11: Muddy River,1,1
Filmsoc.USyd,FilmSoc AGM + Paris is Burning,0,0
Filmsoc.USyd,FilmSoc Week 9: Meek's Cutoff,1,1
Filmsoc.USyd,FilmSoc Week 8: Certified Copy,1,1
Filmsoc.USyd,FilmSoc Week 7: The Proposition,1,1
Filmsoc.USyd,FilmSoc Week 6: Sweet Smell of Success,1,1
Filmsoc.USyd,FilmSoc + German Kultur Klub Present: M,1,1
Filmsoc.USyd,FilmSoc Week 4: Wild at Heart & General Meeting,1,1
Filmsoc.USyd,FilmSoc Week 3: The Hunt,1,1
Filmsoc.USyd,FilmSoc Week 2: The Duke of Burgundy,1,1
Filmsoc.USyd,FILMSOC OPENING NIGHT: GREMLINS,1,1
Filmsoc.USyd,FilmSoc Week 13: Tekkonkinkreet,1,1
Filmsoc.USyd,FilmSoc Week 12: Yeelen,1,1
Filmsoc.USyd,FilmSoc Week 11: THE SPIRIT OF THE BEEHIVE,1,1
Filmsoc.USyd,FilmSoc Week 10: THE FUTURE,1,1
Filmsoc.USyd,FilmSoc Week 9: WALKABOUT,1,1
Filmsoc.USyd,FilmSoc Week 8: SPEED RACER,1,1
Filmsoc.USyd,FilmSoc Trivia at Manning Bar!,0,0
Filmsoc.USyd,FilmSoc Week 7: THE KILLING,1,1
Filmsoc.USyd,FilmSoc Week 6: BATTLES WITHOUT HONOUR AND HUMANITY,1,1
Filmsoc.USyd,FilmSoc Week 5: WADJDA,1,1
Filmsoc.USyd,FilmSoc Week 4: 25th HOUR,1,1
Filmsoc.USyd,FilmSoc Week 3: THE ACT OF KILLING,1,1
Filmsoc.USyd,FilmSoc Welcome Drinks at The Flodge,1,1
Filmsoc.USyd,FilmSoc Opening Night: AMERICAN PSYCHO at Hermanns,1,0
Filmsoc.USyd,FilmSoc Week 13: ~MYSTERY HALLOWEEN MOVIE~~,1,1
Filmsoc.USyd,FilmSoc Week 12: SYMBIOPSYCHOTAXIPLASM: TAKE ONE,1,1
Filmsoc.USyd,FilmSoc and SUFF present: SECRET CINEMA #4,1,1
Filmsoc.USyd,FilmSoc Week 11: THE ASCENT,1,1
Filmsoc.USyd,FilmSoc Week 10: STARSHIP TROOPERS,1,1
Filmsoc.USyd,FilmSoc attends: SHOWGIRLS Symposium,0,0
Filmsoc.USyd,FilmSoc & SUFF present: SECRET CINEMA #3,0,0
Filmsoc.USyd,Filmsoc Week 9: SAFE,1,1
Filmsoc.USyd,FilmSoc Annual General Meeting,1,0
Filmsoc.USyd,"Filmsoc Week 8: YOU, THE LIVING",1,1
Filmsoc.USyd,Filmsoc Week 7: CRIA CUERVOS...,1,1
Filmsoc.USyd,Filmsoc Week 6: MILLENNIUM ACTRESS,1,1
Filmsoc.USyd,Filmsoc Week 5: A GIRL WALKS HOME ALONE AT NIGHT,1,1
Filmsoc.USyd,FilmSoc & SUFF present: SECRET CINEMA #1,0,0
Filmsoc.USyd,Filmsoc and the French Society present: LES DIABOLIQUES,0,1
Filmsoc.USyd,Filmsoc Week 3: JODOROWSKY'S DUNE,1,1
Filmsoc.USyd,Filmsoc Week 2: AFTER HOURS,1,1
Filmsoc.USyd,Filmsoc Opening Night: MAD MAX: THE ROAD WARRIOR,1,1
Filmsoc.USyd,Filmsoc Week 13: Upstream Color,1,1
Filmsoc.USyd,Filmsoc Week 12: Pastoral: To Die in the Country,1,1
Filmsoc.USyd,"Filmsoc Week 11: 4 Months, 3 Weeks and 2 Days",1,1
Filmsoc.USyd,USyd's Sydney Film Festival Showcase 2015,0,0
Filmsoc.USyd,Filmsoc Week 10: Evil Dead II,1,1
Filmsoc.USyd,Filmsoc Week 9: Timecrimes,1,1
Filmsoc.USyd,Filmsoc Week 8: Meshes of the Afternoon/Le Bonheur,1,1
Filmsoc.USyd,Filmsoc Week 6: The Five Obstructions,1,1
Filmsoc.USyd,Filmsoc Week 5: SECONDS,1,1
Filmsoc.USyd,Filmsoc presents: Semester 1 Trivia,0,0
Filmsoc.USyd,Filmsoc Week 4: WALTZ WITH BASHIR + General Meeting,1,1
Filmsoc.USyd,FilmSoc Week 3: THE BABADOOK,1,1
Filmsoc.USyd,FilmSoc Week 2: DO THE RIGHT THING,1,1
Filmsoc.USyd,FilmSoc Opening Night: FARGO at Hermann's!,1,0
Filmsoc.USyd,FilmSoc presents: Oweek Film Trivia,0,0
Filmsoc.USyd,FilmSoc Presents: Halloween Mystery Movie,1,1
Filmsoc.USyd,FilmSoc Week 12: TROPICAL MALADY,1,1
Filmsoc.USyd,FilmSoc Week 11: LATE SPRING,1,1
Filmsoc.USyd,FilmSoc Week 10: TO BE OR NOT TO BE,1,1
Filmsoc.USyd,FilmSoc Week 9: 35 SHOTS OF RUM,1,1
Filmsoc.USyd,FilmSoc Annual General Meeting 2014,1,1
Filmsoc.USyd,FilmSoc Week 8: Pariah,1,1
Filmsoc.USyd,FilmSoc Week 7: The Discreet Charm of the Bourgeoisie,1,1
Filmsoc.USyd,FilmSoc Week 6: CLOSE-UP,1,1
Filmsoc.USyd,FilmSoc Week 5: Z,1,1
Filmsoc.USyd,FilmSoc Trivia Night @ Manning Bar (Drinks! Pizza! Prizes! Etc.!),1,0
Filmsoc.USyd,FilmSoc Week 4: Lore,1,1
Filmsoc.USyd,FilmSoc Week 3: The Man Who Wasn't There,1,1
